inputs,units,val_loss
20,96,0.0014680178137496114
30,384,0.002147171413525939
24,288,0.0022972298320382833
10,448,0.0025606139097362757
15,160,0.002607504138723016
25,32,0.004819028079509735
